,City,Latitude,Longitude,Temperature,Max Temperature,Humidity,Clouds,Wind
0,Punta Arenas,-53.15,-70.9167,37.51,37.51,60,40,16.11
1,Geraldton,-28.7667,114.6,59.41,59.41,63,75,17.27
2,Busselton,-33.65,115.3333,50.04,50.04,64,83,23.62
3,Avarua,-21.2078,-159.775,73.45,73.45,88,20,3.44
4,Saint Paul Harbor,57.79,-152.4072,51.85,51.85,96,100,7.0
5,Ukiah,39.1502,-123.2078,65.93,72.88,55,1,0.0
6,Rikitea,-23.1203,-134.9692,71.55,71.55,72,98,17.11
7,Ifo,6.8144,3.1958,76.62,76.62,79,81,6.29
8,Berlevåg,70.8578,29.0864,66.15,67.8,59,0,6.91
9,Saint-Joseph,-21.3667,55.6167,73.26,75.56,75,17,4.76
10,Port Alfred,-33.5906,26.891,58.53,58.53,56,94,10.89
11,Sonoita,31.85,-112.8333,84.52,84.52,55,5,0.56
12,Laas,46.6166,10.7002,62.73,66.02,61,59,3.65
13,Upernavik,72.7868,-56.1549,44.82,44.82,60,100,6.78
14,Gijang,35.2442,129.2139,87.53,87.53,75,28,6.4
15,Cidreira,-30.1811,-50.2056,60.89,60.89,96,60,10.0
16,Mataura,-46.1927,168.8643,50.49,50.49,97,100,7.05
17,Kazachka,53.3644,38.0694,81.36,81.36,46,100,10.09
18,Hermanus,-34.4187,19.2345,55.9,55.9,63,0,4.29
19,Tougan,13.0667,-3.0667,77.11,77.11,80,95,9.19
20,Celestún,20.8667,-90.4,78.89,78.89,79,24,10.25
21,Albany,42.6001,-73.9662,67.26,69.1,89,20,3.56
22,Jamestown,42.097,-79.2353,73.31,78.39,78,90,6.69
23,Peniche,39.3558,-9.3811,65.3,66.29,87,4,13.02
24,Frutigen,46.5878,7.6475,61.84,73.63,45,69,1.63
25,Ostrovnoy,68.0531,39.5131,59.54,59.54,87,100,11.79
26,Kiryat Gat,31.61,34.7642,86.22,90.39,42,0,6.87
27,Katsuura,35.1333,140.3,93.31,93.31,72,0,23.33
28,Bandar-e Lengeh,26.5579,54.8807,98.71,98.71,63,0,13.8
29,Leh,34.1667,77.5833,66.99,66.99,33,67,5.73
30,Kuah,6.3265,99.8432,85.98,86.0,79,40,5.75
31,Cape Town,-33.9258,18.4232,50.11,56.12,88,0,3.44
32,Saldanha,-33.0117,17.9442,42.85,42.85,61,0,5.77
33,Korla,41.7597,86.1469,85.96,85.96,29,100,24.18
34,Lavrentiya,65.5833,-171.0,44.37,44.37,78,100,6.73
35,Arraial do Cabo,-22.9661,-42.0278,68.02,68.02,87,3,20.31
36,Camaquã,-30.8511,-51.8122,56.89,56.89,96,100,6.73
37,Coração de Jesus,-16.6853,-44.365,61.16,61.16,74,25,5.93
38,Kisi,9.0833,3.85,73.44,73.44,89,100,7.31
39,Longyearbyen,78.2186,15.6401,44.44,44.44,87,75,2.3
40,Kaeo,-35.1,173.7833,49.32,49.32,85,3,4.94
41,Ushuaia,-54.8,-68.3,33.46,33.46,80,20,36.82
42,Norman Wells,65.282,-126.8329,48.24,48.24,93,75,3.44
43,Sibolga,1.7427,98.7792,80.29,80.29,87,90,4.12
44,Inhambane,-23.865,35.3833,69.87,69.87,76,100,21.68
45,Bengkulu,-3.8004,102.2655,82.36,82.36,76,100,5.68
46,Puerto Ayora,-0.7393,-90.3518,68.36,68.36,84,77,7.61
47,Carnarvon,-24.8667,113.6333,68.07,68.07,54,3,24.16
48,Bernalillo,35.05,-106.6673,78.87,81.5,38,75,1.99
49,Bredasdorp,-34.5322,20.0403,49.32,49.32,66,0,4.61
50,Ancud,-41.8697,-73.8203,38.93,43.43,84,8,4.54
51,Lázaro Cárdenas,17.9583,-102.2,75.7,75.7,86,100,4.72
52,Pangody,65.85,74.4859,63.46,63.46,46,100,17.07
53,Nikolskoye,59.7035,30.7861,66.09,66.09,55,25,5.55
54,Okhotsk,59.3833,143.3,61.45,61.45,64,11,9.93
55,Alofi,-19.0595,-169.9187,73.29,73.29,94,100,8.05
56,Faanui,-16.4833,-151.75,79.36,79.36,74,47,17.22
57,Ponta do Sol,32.6667,-17.1,68.34,69.71,80,90,2.55
58,Dijkot,31.2167,72.9833,106.32,106.32,25,2,7.02
59,Örnsköldsvik,63.2909,18.7153,61.75,62.42,100,90,2.3
60,Ereymentau,51.6199,73.1033,72.99,72.99,55,100,19.13
61,Hilo,19.7297,-155.09,74.32,74.93,94,75,0.0
62,Hobart,-42.8794,147.3294,59.67,61.27,53,75,4.0
63,Port-Cartier,50.0334,-66.8654,57.74,57.74,90,100,2.39
64,Kamenka,51.3223,42.7678,90.81,90.81,18,65,14.34
65,Karabash,55.4808,60.2157,58.55,58.55,83,100,4.25
66,Vaini,-21.2,-175.2,69.96,69.96,83,75,11.5
67,Mount Gambier,-37.8333,140.7667,58.91,58.91,51,40,18.41
68,Chokurdakh,70.6333,147.9167,64.09,64.09,42,8,12.55
69,Mazara del Vallo,37.6641,12.588,89.17,102.36,48,83,11.65
70,Tura,25.5198,90.2201,84.43,84.43,78,100,7.31
71,Talnakh,69.4865,88.3972,51.93,51.93,89,100,10.94
72,Basco,20.4487,121.9702,82.35,82.35,77,100,2.84
73,East London,-33.0153,27.9116,59.94,59.94,47,0,13.8
74,Kichera,55.9375,110.0997,74.19,74.19,45,13,3.47
75,Kavieng,-2.5744,150.7967,83.93,83.93,67,24,7.99
76,Daloa,6.8774,-6.4502,71.71,71.71,97,99,4.43
77,Bluff,-46.6,168.3333,50.81,50.81,87,85,17.94
78,Dikson,73.5069,80.5464,40.71,40.71,90,100,14.0
79,Bud,39.447,-86.1758,73.0,77.05,94,25,7.0
80,New Norfolk,-42.7826,147.0587,57.69,60.93,49,93,4.0
81,Goroka,-6.0834,145.3873,63.45,63.45,98,97,2.62
82,Tuktoyaktuk,69.4541,-133.0374,39.47,39.47,80,97,3.87
83,Kita,13.0349,-9.4895,75.61,75.61,91,6,3.31
84,Shaygino,57.7675,46.8618,79.27,79.27,54,9,5.03
85,Upington,-28.4478,21.2561,50.38,50.38,50,0,4.61
86,Usol'ye,59.4268,56.6808,66.22,66.22,54,7,3.38
87,Dingle,10.9995,122.6711,79.63,79.63,80,100,0.58
88,Kiruna,67.8557,20.2251,54.52,54.52,94,90,6.91
89,Songyuan,45.1171,124.8568,73.11,73.11,70,100,11.43
90,Qaanaaq,77.484,-69.3632,36.54,36.54,64,88,8.34
91,Hasaki,35.7333,140.8333,93.6,95.29,68,0,13.31
92,Juruti,-2.1522,-56.0922,74.21,74.21,69,3,2.77
93,Airai,-8.9266,125.4092,63.97,63.97,78,94,2.46
94,Kalininsk,51.5,44.4758,87.19,87.19,21,100,13.49
95,Korem,12.5058,39.5228,67.03,67.03,51,82,7.05
96,Atar,20.5169,-13.0499,82.27,82.27,31,52,12.62
97,Kawalu,-7.3817,108.2082,79.79,79.79,73,98,6.58
98,Butaritari,3.0707,172.7902,82.98,82.98,69,56,10.09
99,Ilulissat,69.2167,-51.1,46.42,46.42,53,40,18.41
100,Cherskiy,68.75,161.3,52.36,52.36,62,6,14.34
101,Husavik,66.0449,-17.3389,46.31,46.31,68,49,1.86
102,Kapaa,22.0752,-159.319,75.79,80.92,74,40,12.66
103,Lebu,-37.6167,-73.65,45.12,45.12,83,8,16.73
104,Khatanga,71.9667,102.5,70.56,70.56,43,100,5.57
105,The Pas,53.8251,-101.2541,57.22,57.22,100,1,5.88
106,San Patricio,28.017,-97.5169,82.72,84.85,78,0,12.26
107,Mossamedes,-15.1961,12.1522,71.83,71.83,78,87,10.0
108,Concepción,-36.827,-73.0498,39.0,39.0,93,75,6.91
109,Matamoros,25.5333,-103.25,80.11,80.11,50,90,9.55
110,Lüderitz,-26.6481,15.1594,67.44,67.44,40,0,12.86
111,Zacualtipán,20.65,-98.6,57.43,57.43,96,59,1.28
112,Sjenica,43.2731,19.9994,80.11,80.11,38,0,3.53
113,George Town,5.4112,100.3354,84.69,87.73,78,40,1.99
114,Zhigansk,66.7697,123.3711,72.52,72.52,50,100,18.3
115,Nchelenge,-9.3451,28.734,74.73,74.73,32,0,5.23
116,Samarai,-10.6167,150.6667,77.81,77.81,86,18,16.93
117,Yangi Marg`ilon,40.4272,71.7189,90.32,90.32,14,0,9.22
118,Bom Jesus,-9.0744,-44.3586,70.61,70.61,57,88,3.29
119,Aklavik,68.2191,-135.0107,45.43,45.43,86,68,5.28
120,Jām Sāhib,26.2958,68.6292,102.94,102.94,32,3,16.06
121,Marrakesh,31.6315,-8.0083,62.67,62.67,88,20,8.05
122,Doha,25.2867,51.5333,101.43,106.11,47,0,11.5
123,Tubualá,9.5167,-79.0333,75.31,78.33,80,100,12.01
124,Chui,-33.6971,-53.4616,50.72,50.72,94,100,11.01
125,Buraidah,26.326,43.975,100.85,100.85,7,0,9.19
126,Kalmunai,7.4167,81.8167,89.17,89.17,57,100,12.39
127,Castro,-24.7911,-50.0119,56.71,56.71,62,2,3.96
128,Loukhi,66.0764,33.0381,62.4,62.4,90,99,6.08
129,Saint-Philippe,-21.3585,55.7679,74.08,76.55,75,16,1.95
130,Netanya,32.3329,34.8599,87.71,88.05,57,0,8.88
131,Iqaluit,63.7506,-68.5145,44.33,44.33,76,75,10.36
132,Barão de Melgaço,-16.1944,-55.9675,75.72,75.72,42,94,3.31
133,Labuhan,-6.8844,112.2051,89.04,89.04,52,94,10.87
134,Fare,-16.7,-151.0167,79.12,79.12,76,7,16.24
135,Severo-Kuril'sk,50.6789,156.125,55.96,55.96,82,30,6.64
136,Faya,18.3851,42.4509,82.92,82.92,25,52,6.96
137,Port Blair,11.6667,92.75,87.84,87.84,79,75,6.91
138,Suruç,36.9761,38.425,88.0,88.0,30,0,5.26
139,Bethel,41.3712,-73.414,67.57,70.11,92,90,0.0
140,Cabo San Lucas,22.8909,-109.9124,82.08,85.14,83,97,5.01
141,Paso de los Toros,-32.8167,-56.5167,47.79,47.79,94,100,10.67
142,Mahébourg,-20.4081,57.7,77.29,77.29,73,75,8.05
143,Hofn,64.2539,-15.2082,54.09,54.09,75,99,2.35
144,Beaufort,5.3473,115.7455,86.16,86.16,63,100,2.66
145,Yellowknife,62.456,-114.3525,46.92,46.92,100,75,4.61
146,Río Gallegos,-51.6226,-69.2181,41.05,41.05,70,0,20.71
147,Fairbanks,64.8378,-147.7164,53.28,55.36,92,1,0.0
148,Pontianak,-0.0333,109.3333,91.38,91.38,58,75,5.75
149,Te Anau,-45.4167,167.7167,43.23,43.23,96,100,2.15
150,Chicama,-7.8447,-79.1469,61.86,61.86,86,26,6.2
151,Tecolutla,20.4833,-97.0167,78.24,78.24,86,7,8.34
152,Colares,38.7992,-9.4469,65.07,67.44,78,40,8.05
153,Hithadhoo,-0.6,73.0833,81.01,81.01,71,33,2.3
154,Barrow,71.2906,-156.7887,37.42,37.42,81,90,8.05
155,Saint Anthony,45.0205,-93.218,72.27,74.05,85,1,1.99
156,Thompson,55.7435,-97.8558,51.96,51.96,100,1,2.3
157,Tegul'det,57.3064,88.1667,82.85,82.85,36,4,6.71
158,Yantzaza,-3.8278,-78.7594,65.28,65.28,99,100,1.1
159,Pangnirtung,66.1451,-65.7125,40.48,40.48,94,100,6.71
160,Meulaboh,4.1363,96.1285,78.82,78.82,86,100,9.64
161,Conceição do Castelo,-20.3683,-41.2439,54.05,54.05,93,3,3.89
162,Phang Nga,8.4509,98.5298,80.64,84.31,65,100,8.01
163,Tasiilaq,65.6145,-37.6368,51.96,51.96,96,100,8.61
164,Bambous Virieux,-20.3428,57.7575,77.25,77.25,73,75,8.05
165,Hirara,24.8,125.2833,88.07,88.07,79,40,13.8
166,Agadez,19.75,10.25,93.33,93.33,20,34,11.65
167,Kununurra,-15.7667,128.7333,91.38,91.38,19,42,4.61
168,Sawākin,19.1059,37.3321,101.16,101.16,38,88,2.8
169,Hobyo,5.3505,48.5268,82.27,82.27,66,64,22.93
170,Pampas,-12.4,-74.9,47.8,47.8,77,96,3.27
171,Nishihara,26.1842,127.7558,84.7,87.46,89,75,11.5
172,Pisco,-13.7,-76.2167,57.25,58.01,82,90,3.44
173,Banikoara,11.2985,2.4386,75.81,75.81,84,96,6.51
174,San Juan de Urabá,8.7592,-76.5297,78.33,78.33,88,100,5.12
175,Torbay,47.6666,-52.7314,46.72,50.27,93,1,11.5
176,Ribeira Grande,38.5167,-28.7,72.0,72.0,88,40,2.3
177,Saskylakh,71.9167,114.0833,60.06,60.06,81,100,15.64
178,Calama,-22.4667,-68.9333,37.89,37.89,15,54,14.97
179,Nemuro,43.3236,145.575,54.03,54.03,93,100,44.78
180,Muros,42.7762,-9.0603,62.82,68.99,80,0,3.53
181,Ampanihy,-24.7,44.75,74.95,74.95,39,0,7.56
182,Ivot,53.6756,34.1872,73.6,73.6,65,100,5.79
183,Atuona,-9.8,-139.0333,77.31,77.31,77,47,20.29
184,Sivas Province,39.7916,37.0019,61.43,61.43,82,75,11.5
185,Yuscarán,13.9333,-86.85,70.84,70.84,91,86,3.6
186,Swellendam,-34.0226,20.4417,48.58,48.58,61,0,3.11
187,Sola,-13.8833,167.55,78.17,78.17,74,100,29.84
188,Port Elizabeth,-33.918,25.5701,57.49,57.49,54,0,5.75
189,Bagdarin,54.4333,113.6,59.05,59.05,94,100,3.29
190,Sirawai,7.5854,122.1407,83.16,83.16,74,100,2.19
191,Leningradskiy,69.3833,178.4167,40.98,40.98,78,41,6.8
192,Codrington,-38.2667,141.9667,59.83,59.83,50,13,20.94
193,Nortelândia,-14.4547,-56.8028,70.2,70.2,49,77,3.42
194,Akçaabat,41.0212,39.5715,78.67,78.67,73,75,4.61
195,Hong Kong,22.2855,114.1577,88.93,89.96,82,97,1.01
196,Tsogni,-2.7942,10.0988,77.58,77.58,73,98,2.55
197,Esna,25.2934,32.554,98.11,98.11,14,0,11.9
198,Tazovsky,67.4667,78.7,54.64,54.64,60,87,15.23
199,Tiksi,71.6872,128.8694,58.08,58.08,63,20,5.06
200,Narsaq,60.9167,-46.05,43.02,43.02,55,100,4.74
201,Kenora,49.8167,-94.4337,65.37,65.37,94,90,10.36
202,Manbij,36.5281,37.9549,90.37,90.37,30,0,7.76
203,Tigil',57.8,158.6667,56.95,56.95,67,27,7.11
204,Xiongzhou,25.1167,114.3,88.88,88.88,70,100,5.26
205,São João de Pirabas,-0.7747,-47.1772,75.94,75.94,90,5,4.88
206,Taoudenni,22.6783,-3.9836,97.54,97.54,28,18,9.37
207,Batamshinskiy,50.5594,58.2747,76.98,76.98,35,100,3.36
208,Seoul,37.5683,126.9778,87.06,89.2,55,40,13.8
209,Lufilufi,-13.8745,-171.5986,74.98,74.98,77,14,12.57
210,Riachão das Neves,-11.7461,-44.91,63.52,63.52,72,4,1.95
211,Hambantota,6.1241,81.1185,95.34,95.34,55,40,18.41
212,Rocha,-34.4833,-54.3333,48.72,48.72,95,100,10.27
213,Shizukuishi,39.6833,140.9833,65.17,66.97,94,100,5.37
214,Atherton,53.5237,-2.4935,61.14,63.21,95,91,4.0
215,Carlsbad,33.1581,-117.3506,67.12,74.7,89,20,1.99
216,Viedma,-40.8135,-62.9967,37.96,37.96,46,0,11.68
217,Lompoc,34.6391,-120.4579,57.54,59.31,94,90,0.0
218,General Roca,-39.0333,-67.5833,28.8,28.8,46,0,7.02
219,Houndé,11.5,-3.5167,75.38,75.38,85,58,7.83
220,Puerto del Rosario,28.5004,-13.8627,69.55,69.55,68,40,9.22
221,Port-Gentil,-0.7193,8.7815,76.96,76.96,83,75,4.61
222,Mar del Plata,-38.0023,-57.5575,41.02,41.02,81,90,4.61
223,Sabang,5.8933,95.3214,82.0,82.0,76,100,27.81
224,Mezen',65.8522,44.24,64.04,64.04,56,100,10.67
225,Rome,43.2128,-75.4557,70.11,72.88,87,20,4.61
226,Fujin,47.26,132.0322,69.13,69.13,51,90,15.17
227,Vidim,56.4088,103.1106,79.97,79.97,26,12,4.21
228,Miandrivazo,-19.5167,45.4667,82.85,82.85,22,0,5.44
229,Seka,17.9285,103.9552,88.14,88.14,67,100,3.22
230,Usinsk,65.9939,57.5281,64.94,64.94,48,100,7.9
231,Kiunga,-6.1219,141.2906,77.77,77.77,94,100,3.47
232,Champerico,14.3,-91.9167,77.23,79.72,89,35,9.22
233,Boa Vista,2.8197,-60.6733,75.18,75.18,94,75,1.14
234,Talcahuano,-36.7167,-73.1167,38.88,38.88,93,75,6.91
235,Sistranda,63.7256,8.834,58.96,58.96,85,4,1.34
236,Marzuq,14.4,46.4667,91.31,91.31,31,14,7.49
237,Poronaysk,49.2167,143.1167,59.14,59.14,71,11,8.61
238,Lagoa,39.05,-27.9833,70.93,70.93,85,4,12.66
239,San Carlos,9.6612,-68.5827,71.91,71.91,97,100,1.66
240,Katsina,12.9894,7.6006,77.2,77.2,75,49,14.2
241,Xining,36.6167,101.7667,71.83,71.83,43,100,9.55
242,Flinders,-34.5833,150.8552,65.26,68.2,58,50,1.01
243,Ucluelet,48.9329,-125.5528,60.04,64.09,94,15,2.77
244,Sørland,67.667,12.6934,57.06,57.27,94,75,8.05
245,Yulara,-25.2406,130.9889,80.44,80.44,9,0,16.11
246,Plettenberg Bay,-34.0527,23.3716,56.16,56.16,45,0,0.4
247,Kaitangata,-46.2817,169.8464,47.68,47.68,93,100,11.07
248,Amargosa,-13.0303,-39.6047,64.42,64.42,90,100,4.76
249,Corowa,-36.0333,146.3833,57.61,59.32,78,2,6.58
250,Tairua,-37.0167,175.85,53.1,53.1,84,3,8.5
251,Lata,40.1629,-8.3327,61.66,63.91,59,0,2.91
252,Moroni,-11.7022,43.2551,78.67,78.67,61,0,9.66
253,Gamba,-2.65,10.0,77.88,77.88,73,100,2.66
254,Vardø,70.3705,31.1107,57.18,67.75,77,0,9.22
255,Cocal,-28.6167,-49.35,62.6,62.6,78,19,1.14
256,Otjiwarongo,-20.4637,16.6477,67.91,67.91,19,0,19.37
257,Tomatlán,19.9333,-105.25,74.66,74.66,95,100,3.47
258,Bulolo,-7.2,146.65,72.12,72.12,96,61,3.31
259,Laguna,38.421,-121.4238,69.17,79.21,56,1,4.61
260,Cap Malheureux,-19.9842,57.6142,78.48,78.48,70,4,5.99
261,Gorom-Gorom,14.4439,-0.2361,81.57,81.57,68,100,7.92
262,Milazzo,38.2212,15.2383,92.19,94.33,41,0,1.99
263,Vallenar,-28.5708,-70.7581,55.08,55.08,42,0,2.82
264,Dārāb,28.7519,54.5444,99.59,99.59,8,0,2.91
265,Vao,-22.6667,167.4833,65.88,65.88,62,100,23.4
266,Mogadishu,2.0371,45.3438,80.47,80.47,61,20,16.11
267,Härnösand,62.6323,17.9379,59.79,62.62,75,100,3.78
268,Ngunguru,-35.6167,174.5,49.15,49.15,84,6,8.46
269,Argir,61.9959,-6.7715,50.97,50.97,92,100,4.16
270,Bilibino,68.0546,166.4372,65.55,65.55,50,18,6.73
271,Stornoway,58.2093,-6.3865,55.56,58.93,82,90,1.14
272,Termez,37.2242,67.2783,93.29,93.29,17,0,6.91
273,Sitka,57.0531,-135.33,55.29,55.29,88,90,9.22
274,Nanortalik,60.1432,-45.2371,44.92,44.92,71,100,2.91
275,Hay River,60.8156,-115.7999,57.18,57.18,77,75,13.8
276,Phibun Mangsahan,15.2447,105.2291,93.18,93.18,63,100,8.57
277,Mahibadhoo,3.7833,72.9667,83.07,83.07,73,95,14.94
278,Grand Gaube,-20.0064,57.6608,78.39,78.39,70,6,5.99
279,Belmonte,-15.8631,-38.8828,64.9,64.9,84,52,1.52
280,Coria,39.9879,-6.5377,75.92,75.92,26,0,1.36
281,Hanna,51.6334,-111.9018,68.36,68.88,44,100,11.01
282,Praia da Vitória,38.7333,-27.0667,68.25,68.76,83,0,5.57
283,Soanierana Ivongo,-16.9167,49.5833,74.17,74.17,63,1,4.25
284,Mayo,38.8876,-76.5119,75.27,79.56,93,1,1.01
285,Khorixas,-20.3667,14.9667,74.61,74.61,13,1,17.96
286,San Quintín,30.4833,-115.95,68.13,68.13,86,6,4.68
287,Asău,46.4333,26.4,72.68,75.76,59,11,3.15
288,Isangel,-19.55,169.2667,68.54,68.54,72,36,16.96
289,Magaria,12.9983,8.9099,79.95,79.95,68,98,11.45
290,Tarnogskiy Gorodok,60.4997,43.5761,76.32,76.32,56,8,5.21
291,Abu Samrah,35.3029,37.1841,89.55,89.55,32,0,10.54
292,The Valley,18.217,-63.0578,81.82,82.09,80,38,23.73
293,Coyhaique,-45.5752,-72.0662,37.35,37.35,75,20,6.91
294,Tuatapere,-46.1333,167.6833,50.83,50.83,91,91,6.82
295,Vilyuysk,63.7553,121.6247,76.32,76.32,59,100,7.94
296,Sungai Penuh,-2.0833,101.3833,72.84,72.84,88,91,2.95
297,Smithers,54.7804,-127.1743,61.12,61.12,48,90,17.27
298,Galle,6.0367,80.217,81.0,81.0,80,100,13.73
299,Arlit,18.7369,7.3853,88.16,88.16,40,74,1.92
300,Yacuiba,-22.038,-63.6797,48.63,48.63,64,85,4.54
301,Adrar,20.5022,-10.0711,81.07,81.07,27,19,15.35
302,Bridgeton,39.4273,-75.2341,72.45,74.21,78,40,0.0
303,Lima,-12.0432,-77.0282,59.25,59.25,82,90,6.91
304,Clyde River,70.4692,-68.5914,35.83,35.83,100,90,4.61
305,Honiara,-9.4333,159.95,78.98,78.98,88,21,7.43
306,Puerto Carreño,6.189,-67.4859,75.85,75.85,88,99,2.95
307,Mlonggo,-6.5333,110.7,93.09,93.09,54,90,6.46
308,Guerrero Negro,27.9769,-114.0611,70.38,70.38,81,0,10.22
309,Tătăranu,45.5167,27.3167,84.16,84.16,47,5,12.93
310,Katghora,22.5,82.55,89.65,89.65,64,93,6.02
311,Yatou,37.15,122.3833,84.2,84.2,66,72,11.5
312,Caceres,39.522,-6.3748,77.29,77.29,28,0,3.91
313,Wukari,7.85,9.7833,76.48,76.48,86,81,6.73
314,Torrington,41.8007,-73.1212,68.23,70.34,96,98,1.83
315,Bhuj,23.2667,69.6667,90.32,90.32,46,97,19.62
316,Sur,22.5667,59.5289,95.61,95.61,47,96,2.3
317,Madang,-5.2246,145.7966,79.39,79.39,84,83,6.46
318,Port Saint Lucie,27.2939,-80.3503,77.29,82.04,92,21,0.0
319,Goderich,43.7501,-81.7165,73.71,74.91,83,60,8.05
320,Diamantino,-14.4086,-56.4461,69.96,69.96,50,84,3.76
321,Chapais,49.7834,-74.8492,65.98,65.98,98,100,5.26
322,Bandarbeyla,9.4942,50.8122,86.07,86.07,55,91,27.29
323,Mocuba,-16.8392,36.9856,78.33,78.33,47,1,3.18
324,São João da Barra,-21.6403,-41.0511,66.94,66.94,88,0,11.97
325,Snåase,64.2457,12.3778,54.81,54.81,66,100,3.36
326,Srednekolymsk,67.45,153.6833,76.98,76.98,35,71,6.91
327,Windhoek,-22.5594,17.0832,54.05,56.1,40,0,8.05
328,Souillac,-20.5167,57.5167,77.38,78.37,73,75,8.05
329,Brigantine,39.4101,-74.3646,72.43,74.05,95,90,5.75
330,Lübben,51.95,13.9,67.01,68.36,59,100,7.25
331,Fort-Shevchenko,44.5086,50.263,98.8,98.8,26,54,7.23
332,Tortolì,39.9256,9.6572,76.82,76.82,78,75,0.0
333,Kachug,53.9606,105.8817,78.49,78.49,28,9,2.98
334,Latung,5.5,120.8833,84.24,84.24,71,66,10.0
335,Araouane,18.9048,-3.5265,92.73,92.73,40,51,14.67
336,Avilés,43.5547,-5.9248,63.79,63.79,94,75,6.91
337,Jacqueville,5.2052,-4.4146,76.91,76.91,86,83,7.18
338,Chernyshevskiy,63.0128,112.4714,75.45,75.45,36,46,5.66
339,Broken Hill,-31.95,141.4333,69.51,69.51,18,0,14.97
340,Hays,30.0502,-98.0336,75.79,78.6,90,4,5.99
341,Alexandria,31.2156,29.9553,84.13,84.13,56,0,7.94
342,Egvekinot,66.3167,-179.1667,48.78,48.78,64,100,1.77
343,Erzin,36.9559,36.2,85.01,90.12,41,4,5.91
344,Kroya,-7.6331,109.2461,81.05,81.05,73,95,14.56
345,Baena,37.6167,-4.3225,76.77,77.2,72,59,0.6
346,Verāval,20.9,70.3667,84.43,84.43,70,100,12.86
347,Huarmey,-10.0681,-78.1522,62.69,62.69,84,66,8.5
348,Emba,48.8264,58.1442,87.3,87.3,26,74,10.56
349,Aksu,41.1231,80.2644,90.0,90.0,24,0,2.37
350,Karratha,-20.7377,116.8463,80.67,80.67,38,35,21.14
351,Caconda,-13.7333,15.0667,71.82,71.82,15,0,7.87
352,San Cristobal,7.7669,-72.225,64.0,64.0,96,95,2.89
353,Grøa,62.65,8.7167,60.89,60.89,71,63,4.76
354,Zyryanskoye,56.8306,86.6258,81.55,81.55,46,13,7.92
355,Skibbereen,51.55,-9.2667,58.8,58.8,82,100,7.67
356,Mándra,38.0667,23.5,93.43,98.92,31,0,0.0
357,Pevek,69.7008,170.3133,38.61,38.61,84,5,14.67
358,Kuching,1.55,110.3333,93.42,93.42,55,40,3.44
359,Vila Velha,-20.3297,-40.2925,66.15,66.15,94,40,2.3
360,Touros,-5.1989,-35.4608,72.5,72.5,92,24,11.88
361,At-Bashi,41.1702,75.8106,77.09,77.09,21,1,12.5
362,Gouyave,12.1646,-61.7296,75.97,75.97,94,40,0.0
363,Tarrafal,15.2833,-23.7667,77.79,77.79,79,89,13.2
364,Zyryanka,65.75,150.85,78.03,78.03,36,47,6.13
365,Assiut,27.181,31.1837,94.59,94.59,28,0,13.22
366,Hailar,49.2,119.7,62.15,62.15,81,100,13.24
367,Misratah,32.3754,15.0925,85.84,85.84,52,0,4.32
368,Mikhaylovka,50.06,43.2379,95.36,95.36,13,92,16.58
369,Los Llanos de Aridane,28.6585,-17.9182,65.95,65.95,64,0,4.61
370,Chokwé,-24.5333,32.9833,71.33,71.33,55,66,17.87
371,Nouadhibou,20.931,-17.0347,67.98,67.98,88,0,18.41
372,Half Moon Bay,37.4636,-122.4286,59.22,64.81,86,1,0.0
373,Port Hedland,-20.3167,118.5667,82.45,82.45,51,40,17.27
374,Berdigestyakh,62.0989,126.6992,83.89,83.89,34,62,7.38
375,Naze,28.3667,129.4833,77.92,77.92,83,59,12.06
376,Ola,59.5833,151.2833,59.99,59.99,74,98,8.34
377,Cairns,-16.9167,145.7667,71.33,73.06,84,90,9.22
378,Wuwei,37.9281,102.6414,80.24,80.24,35,92,11.25
379,La Roda,39.2167,-2.15,70.63,74.91,55,100,10.65
380,Madimba,-10.4,40.3333,79.92,79.92,65,20,18.41
381,Savé,8.0425,2.486,74.46,74.46,87,96,5.23
382,Kýria,41.1,24.2833,84.47,84.47,67,1,4.79
383,Margate,51.3813,1.3862,62.29,64.69,78,7,3.0
384,Schisma Eloundas,35.2667,25.7167,87.78,92.68,44,0,14.43
385,Hualahuises,24.8847,-99.6733,75.56,75.56,77,0,12.1
386,Natal,-5.795,-35.2094,73.62,73.62,100,75,10.36
387,Hoquiam,46.9809,-123.8893,56.84,61.41,65,1,0.0
388,Gayny,60.3071,54.3241,66.87,66.87,52,0,5.35
389,Warrnambool,-38.3833,142.4833,60.82,60.82,57,63,20.78
390,Kavaratti,10.5669,72.642,80.98,80.98,80,100,20.11
391,Jinchang,38.4953,102.1739,83.44,83.44,24,99,3.49
392,Hervey Bay,-25.2986,152.8535,68.04,68.11,64,35,14.07
393,Bathsheba,13.2167,-59.5167,79.41,79.41,89,20,9.22
394,Itarema,-2.9248,-39.9167,78.12,78.12,76,4,16.02
395,Aykhal,66.0,111.5,67.84,67.84,46,84,10.8
396,Palmer,42.1584,-72.3287,68.23,71.2,84,90,0.0
397,Husum,54.4858,9.0524,59.72,62.56,91,100,8.81
398,Coquimbo,-29.9533,-71.3436,46.13,46.13,93,0,3.44
399,Tual,-5.6667,132.75,79.25,79.25,83,100,16.84
400,Mojokerto,-7.4664,112.4338,89.31,89.31,44,96,6.33
401,Koumac,-20.5667,164.2833,68.0,68.0,58,75,7.38
402,Meadow Lake,34.8014,-106.5436,76.64,79.65,38,99,6.98
403,Mirzāpur,25.15,82.5833,82.36,82.36,62,76,10.54
404,Corinth,37.9407,22.9573,91.51,91.51,29,0,3.22
405,Saint-Augustin,51.226,-58.6502,55.31,55.31,96,6,12.62
406,Luanda,-8.8368,13.2343,73.4,73.4,88,75,2.3
407,De-Kastri,51.4667,140.7833,66.04,66.04,62,0,7.38
408,Bafoulabé,13.8065,-10.8321,77.4,77.4,89,67,5.64
409,Qaqortoq,60.7167,-46.0333,43.3,43.3,63,100,2.24
410,Port Hardy,50.6996,-127.4199,59.18,59.18,94,90,10.36
411,Ixtapa,20.7,-105.2,79.23,79.23,93,100,1.01
412,Sorong,-0.8833,131.25,82.85,82.85,74,100,4.23
413,Klaksvík,62.2266,-6.589,50.92,50.92,95,100,9.24
414,San Jerónimo,-11.9472,-75.2829,41.99,41.99,85,7,2.48
415,Fort Nelson,58.8053,-122.7002,58.59,58.59,44,20,11.5
416,Esim,4.8699,-2.2405,78.4,78.4,78,80,6.64
417,Yumen,40.2833,97.2,80.17,80.17,24,95,18.61
418,Marsá Maţrūḩ,31.3525,27.2453,85.66,85.66,53,0,14.52
419,Philadelphia,39.9523,-75.1638,72.19,74.21,92,90,1.01
420,Great Falls,47.5002,-111.3008,58.6,63.16,61,1,13.8
421,Lejanías,3.5251,-74.0216,68.94,68.94,95,100,3.15
422,Port Keats,-14.25,129.55,80.53,80.53,50,60,9.86
423,Fortuna,40.5982,-124.1573,53.78,66.18,94,90,0.0
424,Saint-François,46.4154,3.9054,61.9,67.17,89,0,0.0
425,Laguna de Perlas,12.3429,-83.6712,76.98,76.98,88,65,9.13
426,Popondetta,-8.7537,148.2534,76.15,76.15,86,27,2.17
427,São Miguel do Araguaia,-13.275,-50.1628,70.32,70.32,45,92,2.8
428,Bida,9.0833,6.0167,77.16,77.16,86,84,5.35
429,Tautira,-17.7333,-149.15,78.82,78.82,82,51,19.22
430,Dunhua,43.3725,128.2425,69.12,69.12,81,100,7.54
431,Nome,64.5011,-165.4064,57.27,57.27,73,90,0.0
432,Kenai,60.5544,-151.2583,52.21,53.69,85,90,14.97
433,Adana Province,36.985,35.2881,90.5,91.92,52,0,3.44
434,Casino,-28.8667,153.05,62.19,64.15,63,36,9.22
435,Beyneu,45.3167,55.2,96.75,96.75,13,95,15.41
436,Medvedovskaya,45.4531,39.0258,72.46,76.03,63,100,8.39
437,Kuybyshevskiy Zaton,55.1593,49.1701,81.18,81.18,72,77,5.75
438,Evensk,61.95,159.2333,58.66,58.66,74,68,4.81
439,Buala,-8.145,159.5921,80.33,80.33,77,5,5.68
440,Ugoofaaru,5.6667,73.0,82.76,82.76,73,100,17.49
441,Marovoay,-16.1,46.6333,86.14,86.14,31,0,3.36
442,Denpasar,-8.65,115.2167,82.06,82.06,78,40,14.97
443,Henties Bay,-22.116,14.2845,62.04,62.04,65,96,2.89
444,Yerbogachën,61.2767,108.0108,79.59,79.59,29,43,8.03
445,Hamilton,39.1834,-84.5333,72.03,74.03,92,40,4.61
446,Copiapó,-27.3667,-70.3333,49.69,49.69,54,0,1.59
447,Okitipupa,6.5047,4.7839,77.02,77.02,87,96,4.32
448,Helong,42.5397,128.9972,65.37,65.37,98,100,1.5
449,Kruisfontein,-34.0033,24.7314,51.89,51.89,47,0,4.88
450,Linxia Chengguanzhen,35.6003,103.2064,75.74,75.74,43,59,11.32
451,Vangaindrano,-23.35,47.6,75.16,75.16,61,0,2.04
452,Bubaque,11.2833,-15.8333,79.3,79.3,80,93,6.11
453,Keffi,8.8486,7.8736,71.98,71.98,88,99,2.13
454,Garut,-7.2024,107.8878,81.39,81.39,59,70,6.71
455,Bela,25.9333,81.9833,92.21,92.21,63,71,6.35
456,La Ronge,55.1001,-105.2842,59.25,61.02,82,20,9.22
457,Caluquembe,-13.7833,14.6833,71.64,71.64,16,0,5.75
458,La Asuncion,11.0333,-63.8628,87.53,87.53,70,99,4.61
459,Spornoye,50.8448,37.2913,77.02,77.02,48,100,6.46
460,Satka,55.0425,59.04,71.11,71.11,55,99,6.35
461,Dhekiajuli,26.7,92.5,88.09,88.09,74,100,9.95
462,Karlshamn,56.1706,14.8619,64.89,64.9,69,66,6.71
463,Zaysan,47.4667,84.8667,87.96,87.96,17,15,4.21
464,Sinnamary,5.3833,-52.95,76.62,76.62,89,80,8.52
465,Mozhaysk,55.5019,36.0272,78.76,78.76,58,34,9.62
466,Pathein,16.7833,94.7333,89.71,89.71,58,98,13.04
467,Jingdezhen,29.2947,117.2079,85.62,85.62,86,100,4.63
468,Norrtälje,59.758,18.705,64.65,67.23,61,25,5.88
469,Paamiut,61.994,-49.6678,44.22,44.22,63,7,7.29
470,Makakilo City,21.3469,-158.0858,76.68,77.32,67,1,0.0
471,College,64.8569,-147.8028,53.08,55.35,94,75,5.75
472,Sabalgarh,26.25,77.4,92.21,92.21,57,50,13.4
473,Kindu,-2.95,25.95,85.98,85.98,50,20,2.33
474,Romny,50.751,33.4747,78.76,78.76,50,100,9.08
475,Vestmannaeyjar,63.4427,-20.2734,54.27,54.27,85,39,18.88
476,Abéché,13.8292,20.8324,80.62,80.62,74,0,0.0
477,Lamu,-2.2717,40.902,80.82,80.82,65,83,14.97
478,Numan,9.4667,12.0333,74.75,74.75,89,100,8.08
479,Kautokeino,69.0125,23.0412,55.26,55.26,95,100,7.92
480,Ahipara,-35.1667,173.1667,51.85,51.85,77,17,9.24
481,Constitución,-35.3333,-72.4167,47.17,47.17,76,0,5.73
482,Siniscola,40.5719,9.6922,81.95,81.95,65,75,5.17
483,Trincomalee,8.5711,81.2335,91.99,91.99,54,100,15.12
484,Jalu,29.0331,21.5482,90.03,90.03,28,0,7.81
485,Soro,21.2881,86.6858,95.45,95.45,51,75,14.05
486,Monrovia,6.3005,-10.7969,74.97,74.97,83,98,4.07
487,Winnemucca,40.973,-117.7357,73.45,73.45,17,1,12.66
488,Kvarkeno,52.0833,59.725,80.78,80.78,41,99,6.69
489,Arica,-18.475,-70.3042,61.03,61.03,67,90,2.3
490,Mahanoro,-19.9,48.8,75.04,75.04,59,0,3.76
491,Amalāpuram,16.5833,82.0167,82.78,82.78,42,95,6.33
492,Camacha,33.0833,-16.3333,67.41,67.42,88,40,9.22
493,Tutóia,-2.7619,-42.2744,74.89,74.89,88,0,9.6
494,Qiongshan,20.0058,110.3542,85.98,85.98,84,75,13.42
495,Balabac,7.9868,117.0645,85.24,85.24,69,93,12.91
496,Charters Towers,-20.1,146.2667,71.24,71.24,40,28,9.26
497,Sorochinsk,52.4338,53.1583,88.83,88.83,25,94,7.81
498,Healdsburg,38.6105,-122.8692,56.52,66.69,82,1,1.01
499,Haines Junction,60.7522,-137.5108,48.15,48.15,66,100,5.75
500,Najrān,17.4924,44.1277,95.65,95.65,14,53,10.71
501,Amapá,1.0,-52.0,69.26,69.26,99,26,1.34
502,Heinola,61.2056,26.0381,62.69,62.69,69,19,7.96
503,Tangping,22.0265,111.9323,87.6,87.6,72,100,10.31
504,Capilla de Guadalupe,20.8333,-102.5833,57.02,57.02,96,100,1.34
505,Houston,29.7633,-95.3633,81.9,84.22,84,75,4.0
506,Guilin,25.2819,110.2864,91.51,91.51,75,100,4.56
507,Mildura,-34.2,142.15,67.96,67.96,26,0,14.97
508,Batticaloa,7.7102,81.6924,89.08,89.08,59,100,6.91
509,Portland,45.5234,-122.6762,68.07,72.09,65,20,1.01
510,Dan Khun Thot,15.2085,101.7714,96.96,96.96,52,100,12.33
511,Kahului,20.8947,-156.47,74.73,76.26,88,40,11.5
512,Biak,-0.9131,122.8766,81.18,81.18,72,32,7.72
513,Caibarién,22.5206,-79.4669,78.12,78.12,80,1,13.09
514,Hailey,43.5196,-114.3153,53.46,53.46,54,1,10.36
515,Mogapinyana,-22.3667,27.6,60.51,60.51,54,16,19.53
516,Concepción del Oro,24.6333,-101.4167,62.89,62.89,64,16,4.9
517,Sri Aman,1.2376,111.4621,93.25,93.25,59,40,3.44
518,Catabola,-12.15,17.2833,71.13,71.13,17,0,4.47
519,Esperance,-33.8667,121.9,55.24,55.24,60,69,28.16
520,Santa Cruz de Barahona,18.2085,-71.1008,76.75,76.75,77,13,2.3
521,Mizhou,35.9947,119.3975,87.94,87.94,64,100,6.73
522,Cockburn Town,21.4612,-71.1419,82.53,82.53,74,87,17.43
523,Lillehammer,61.1146,10.4674,62.33,62.33,93,100,2.01
524,Beringovskiy,63.05,179.3167,47.23,47.23,75,92,4.52
525,Altamont,42.2068,-121.7372,66.04,66.04,48,1,6.91
526,Matara,5.9485,80.5353,84.11,84.11,70,100,14.43
527,Buin,-33.7333,-70.75,38.41,38.41,75,0,3.71
528,Shalya,57.2471,58.7298,56.88,56.88,87,100,6.46
529,Caravelas,-17.7125,-39.2481,65.25,65.25,90,10,1.59
530,Shimoda,34.6667,138.95,86.36,86.36,69,0,27.0
531,Srīvardhan,18.0333,73.0167,84.16,84.16,73,100,8.9
532,Lucapa,-8.4192,20.7447,83.07,83.07,20,0,3.78
533,Haverfordwest,51.8017,-4.9691,60.46,61.56,94,5,8.08
534,Nouakchott,18.0858,-15.9785,75.13,75.13,62,100,9.57
535,Lakes Entrance,-37.8811,147.981,60.19,62.58,60,27,5.77
536,Palana,59.1167,159.9667,51.3,51.3,73,13,3.78
537,Asbestovskiy,57.7557,61.3967,65.88,65.88,55,74,10.29
538,Borogontsy,62.6683,131.1683,83.88,83.88,19,26,7.29
539,Yamada,39.4667,141.95,71.69,71.69,82,89,18.16
540,Namwala,-15.7504,26.4384,75.45,75.45,21,0,6.04
541,Kailua,21.4022,-157.7394,77.9,78.78,71,75,6.91
542,Il'inskoye-Khovanskoye,56.9718,39.7684,78.13,78.13,54,74,3.74
543,Banda Aceh,5.5577,95.3222,83.95,83.95,69,100,19.6
544,Parrita,9.5201,-84.3225,80.37,80.37,82,91,4.88
545,Sechura,-5.5569,-80.8222,62.8,62.8,86,2,10.09
546,Taltal,-25.4,-70.4833,56.64,56.64,77,24,1.41
547,Maniitsoq,65.4167,-52.9,45.1,45.1,76,100,12.68
548,Vanimo,-2.6741,141.3028,81.95,81.95,77,53,5.32
